<keymap version="1" name="Default-LS" parent="$default">
  <action id="ChangesView.AddUnversioned" />
  <action id="ChangesView.Diff" />
  <action id="ChangesView.Revert" />
  <action id="CodeCompletion">
    <keyboard-shortcut first-keystroke="alt slash" />
  </action>
  <action id="CommentByBlockComment">
    <keyboard-shortcut first-keystroke="shift ctrl divide" />
  </action>
  <action id="CompareTwoFiles" />
  <action id="Console.TableResult.CloneRow" />
  <action id="DatabaseView.CopyAction" />
  <action id="Diff.ShowDiff" />
  <action id="EditorDuplicate" />
  <action id="EditorDuplicateLines">
    <keyboard-shortcut first-keystroke="ctrl d" />
  </action>
  <action id="FileChooser.GotoDesktop" />
  <action id="HippieBackwardCompletion" />
  <action id="HippieCompletion" />
  <action id="RunDashboard.CopyConfiguration" />
  <action id="SendEOF" />
  <action id="SmartTypeCompletion">
    <keyboard-shortcut first-keystroke="ctrl alt slash" />
  </action>
  <action id="openAssertEqualsDiff" />
</keymap>