<application>
  <component name="DefaultFont">
    <option name="FONT_SIZE" value="16" />
    <option name="FONT_FAMILY" value="Consolas" />
  </component>
  <component name="EditorSettings">
    <option name="languageBreadcrumbsMap">
      <map>
        <entry key="CFML" value="false" />
        <entry key="CSS" value="true" />
        <entry key="FTL" value="true" />
        <entry key="Groovy" value="false" />
        <entry key="HTML" value="true" />
        <entry key="Haml" value="false" />
        <entry key="JAVA" value="true" />
        <entry key="JSON" value="true" />
        <entry key="JSP" value="true" />
        <entry key="JSPX" value="false" />
        <entry key="JavaScript" value="true" />
        <entry key="LESS" value="false" />
        <entry key="SASS" value="false" />
        <entry key="SCSS" value="false" />
        <entry key="Stylus" value="false" />
        <entry key="TypeScript" value="false" />
        <entry key="VTL" value="false" />
        <entry key="XHTML" value="false" />
        <entry key="XML" value="true" />
        <entry key="kotlin" value="false" />
        <entry key="yaml" value="false" />
      </map>
    </option>
    <option name="USE_SOFT_WRAPS" value="CONSOLE" />
    <option name="SHOW_QUICK_DOC_ON_MOUSE_OVER_ELEMENT" value="true" />
    <option name="IS_WHEEL_FONTCHANGE_ENABLED" value="true" />
  </component>
  <component name="XmlEditorOptions">
    <option name="showCssInlineColorPreview" value="true" />
  </component>
</application>