<application>
  <component name="SvnApplicationSettings">
    <option name="myCheckoutURLs">
      <list>
        <option value="http://192.168.155.241:8080/svn/Keywords-tool/" />
      </list>
    </option>
    <option name="myTypedURLs">
      <list>
        <option value="http://192.168.155.241:8080/svn/Keywords-tool/" />
      </list>
    </option>
    <option name="mySvnCommandLine" value="C:\Program Files\TortoiseSVN\bin\svn.exe" />
  </component>
  <component name="SvnBranchMapperManager">
    <option name="myMapping">
      <map>
        <entry key="http://192.168.155.241:8080/svn/Keywords-tool/源码/keywordsearch-V1">
          <value>
            <set>
              <option value="E:\xiaogongju\keywordsearch-V1" />
            </set>
          </value>
        </entry>
      </map>
    </option>
  </component>
</application>