<application>
  <component name="ProjectManager">
    <defaultProject>
      <component name="CodeInsightWorkspaceSettings">
        <option name="optimizeImportsOnTheFly" value="true" />
      </component>
      <component name="CompilerConfiguration">
        <option name="BUILD_PROCESS_HEAP_SIZE" value="1500" />
      </component>
      <component name="CompilerWorkspaceConfiguration">
        <option name="MAKE_PROJECT_ON_SAVE" value="true" />
      </component>
      <component name="DependencyValidationManager">
        <scope name="LS" pattern="" />
      </component>
      <component name="Encoding" defaultCharsetForPropertiesFiles="UTF-8" addBOMForNewFiles="with NO BOM">
        <file url="PROJECT" charset="UTF-8" />
      </component>
      <component name="FileColors">
        <fileColor scope="Problems" color="ff0001" />
        <fileColor scope="Project Files" color="Blue" />
      </component>
      <component name="Git.Settings">
        <option name="ROOT_SYNC" value="DONT_SYNC" />
      </component>
      <component name="JavaScriptSettings">
        <option name="languageLevel" value="ES5" />
      </component>
      <component name="JsBowerSettings">
        <node-interpreter value="project" />
        <bower-package value="" />
        <bower.json value="" />
      </component>
      <component name="JsFlowSettings">
        <service-enabled>true</service-enabled>
        <exe-path />
        <other-services-enabled>true</other-services-enabled>
        <auto-save>true</auto-save>
      </component>
      <component name="Kotlin2JsCompilerArguments">
        <option name="sourceMapEmbedSources" />
      </component>
      <component name="MavenImportPreferences">
        <option name="generalSettings">
          <MavenGeneralSettings>
            <option name="localRepository" value="E:\xiaogongju\maven\repository" />
            <option name="mavenHome" value="E:/xiaogongju/maven/apache-maven-3.5.3" />
            <option name="userSettingsFile" value="E:\xiaogongju\maven\apache-maven-3.5.3\conf\settings.xml" />
          </MavenGeneralSettings>
        </option>
      </component>
      <component name="MavenRunner">
        <option name="jreName" value="1.8" />
      </component>
      <component name="NamedScopeManager">
        <order>
          <scope name="LS" />
        </order>
      </component>
      <component name="ProjectDictionaryState">
        <dictionary name="Administrator" />
      </component>
      <component name="ProjectInspectionProfilesVisibleTreeState">
        <entry key="Project Default">
          <profile-state>
            <expanded-state>
              <State />
              <State>
                <id>Code maturityJava</id>
              </State>
              <State>
                <id>Code style issuesJava</id>
              </State>
              <State>
                <id>Control flow issuesJava</id>
              </State>
              <State>
                <id>Error handlingJavaScript</id>
              </State>
              <State>
                <id>General</id>
              </State>
              <State>
                <id>GeneralJavaScript</id>
              </State>
              <State>
                <id>Google Web Toolkit</id>
              </State>
              <State>
                <id>Inheritance issuesJava</id>
              </State>
              <State>
                <id>Internationalization</id>
              </State>
              <State>
                <id>Java</id>
              </State>
              <State>
                <id>JavaScript</id>
              </State>
              <State>
                <id>JavadocJava</id>
              </State>
              <State>
                <id>Kotlin</id>
              </State>
              <State>
                <id>Other problemsKotlin</id>
              </State>
              <State>
                <id>PortabilityJava</id>
              </State>
              <State>
                <id>Probable bugsJava</id>
              </State>
              <State>
                <id>Probable bugsKotlin</id>
              </State>
              <State>
                <id>Spelling</id>
              </State>
              <State>
                <id>XML</id>
              </State>
            </expanded-state>
            <selected-state>
              <State>
                <id>TodoComment</id>
              </State>
            </selected-state>
          </profile-state>
        </entry>
      </component>
      <component name="PropertiesComponent">
        <property name="JavaScriptWeakerCompletionTypeGuess" value="true" />
        <property name="last_opened_file_path" value="D:/Git/bin/git.exe" />
        <property name="node.js.path.for.package.eslint" value="project" />
        <property name="node.js.path.for.package.jscs" value="project" />
        <property name="node.js.path.for.package.standard" value="project" />
        <property name="node.js.path.for.package.stylelint" value="project" />
        <property name="node.js.path.for.package.tslint" value="project" />
        <property name="node.js.selected.package.eslint" value="" />
        <property name="node.js.selected.package.jscs" value="" />
        <property name="node.js.selected.package.standard" value="" />
        <property name="node.js.selected.package.stylelint" value="" />
        <property name="node.js.selected.package.tslint" value="" />
        <property name="nodejs_interpreter_path.stuck_in_default_project" value="undefined stuck path" />
        <property name="nodejs_npm_path_reset_for_default_project" value="true" />
        <property name="project.structure.last.edited" value="Project" />
        <property name="project.structure.proportion" value="0.15" />
        <property name="project.structure.side.proportion" value="0.2" />
        <property name="settings.editor.selected.configurable" value="preferences.sourceCode.Java" />
      </component>
      <component name="RunManager">
        <configuration default="true" type="#org.jetbrains.idea.devkit.run.PluginConfigurationType" factoryName="Plugin">
          <module name="" />
          <option name="VM_PARAMETERS" value="-Xmx512m -Xms256m -XX:MaxPermSize=250m -ea" />
          <option name="PROGRAM_PARAMETERS" />
          <predefined_log_file id="idea.log" enabled="true" />
          <method />
        </configuration>
        <configuration default="true" type="Applet" factoryName="Applet">
          <option name="WIDTH" value="400" />
          <option name="HEIGHT" value="300" />
          <option name="POLICY_FILE" value="$APPLICATION_HOME_DIR$/bin/appletviewer.policy" />
          <module />
          <method />
        </configuration>
        <configuration default="true" type="Application" factoryName="Application">
          <extension name="coverage" enabled="false" merge="false" sample_coverage="true" runner="idea" />
          <option name="MAIN_CLASS_NAME" />
          <option name="VM_PARAMETERS" />
          <option name="PROGRAM_PARAMETERS" />
          <option name="WORKING_DIRECTORY" value="$PROJECT_DIR$" />
          <option name="ALTERNATIVE_JRE_PATH_ENABLED" value="false" />
          <option name="ALTERNATIVE_JRE_PATH" />
          <option name="ENABLE_SWING_INSPECTOR" value="false" />
          <option name="ENV_VARIABLES" />
          <option name="PASS_PARENT_ENVS" value="true" />
          <module name="" />
          <envs />
          <method />
        </configuration>
        <configuration default="true" type="JUnit" factoryName="JUnit">
          <extension name="coverage" enabled="false" merge="false" sample_coverage="true" runner="idea" />
          <module name="" />
          <option name="ALTERNATIVE_JRE_PATH_ENABLED" value="false" />
          <option name="ALTERNATIVE_JRE_PATH" />
          <option name="PACKAGE_NAME" />
          <option name="MAIN_CLASS_NAME" />
          <option name="METHOD_NAME" />
          <option name="TEST_OBJECT" value="class" />
          <option name="VM_PARAMETERS" value="-ea" />
          <option name="PARAMETERS" />
          <option name="WORKING_DIRECTORY" value="$MODULE_DIR$" />
          <option name="ENV_VARIABLES" />
          <option name="PASS_PARENT_ENVS" value="true" />
          <option name="TEST_SEARCH_SCOPE">
            <value defaultName="singleModule" />
          </option>
          <envs />
          <patterns />
          <method />
        </configuration>
        <configuration default="true" type="Remote" factoryName="Remote">
          <option name="USE_SOCKET_TRANSPORT" value="true" />
          <option name="SERVER_MODE" value="false" />
          <option name="SHMEM_ADDRESS" value="javadebug" />
          <option name="HOST" value="localhost" />
          <option name="PORT" value="5005" />
          <method />
        </configuration>
        <configuration default="true" type="TestNG" factoryName="TestNG">
          <extension name="coverage" enabled="false" merge="false" sample_coverage="true" runner="idea" />
          <module name="" />
          <option name="ALTERNATIVE_JRE_PATH_ENABLED" value="false" />
          <option name="ALTERNATIVE_JRE_PATH" />
          <option name="SUITE_NAME" />
          <option name="PACKAGE_NAME" />
          <option name="MAIN_CLASS_NAME" />
          <option name="METHOD_NAME" />
          <option name="GROUP_NAME" />
          <option name="TEST_OBJECT" value="CLASS" />
          <option name="VM_PARAMETERS" value="-ea" />
          <option name="PARAMETERS" />
          <option name="WORKING_DIRECTORY" value="$MODULE_DIR$" />
          <option name="OUTPUT_DIRECTORY" />
          <option name="ANNOTATION_TYPE" />
          <option name="ENV_VARIABLES" />
          <option name="PASS_PARENT_ENVS" value="true" />
          <option name="TEST_SEARCH_SCOPE">
            <value defaultName="singleModule" />
          </option>
          <option name="USE_DEFAULT_REPORTERS" value="false" />
          <option name="PROPERTIES_FILE" />
          <envs />
          <properties />
          <listeners />
          <method />
        </configuration>
      </component>
      <component name="SharedFileColors">
        <fileColor scope="Non-Project Files" color="Yellow" />
        <fileColor scope="Tests" color="Green" />
        <fileColor scope="Problems" color="ff1000" />
        <fileColor scope="Project Files" color="Blue" />
      </component>
      <component name="SshConsoleOptionsProvider">
        <option name="myEncoding" value="UTF-8" />
        <option name="myConnectionType" value="NONE" />
      </component>
      <component name="SvnConfiguration">
        <configuration>C:\Users\Administrator\AppData\Roaming\Subversion</configuration>
        <option name="sshConnectionType" value="PASSWORD" />
        <option name="sshExecutablePath" value="http://192.168.155.241:8080/svn/Keywords-tool/" />
        <option name="sshUserName" value="wanghuidong" />
      </component>
      <component name="ValidationConfiguration">
        <option name="VALIDATORS">
          <map>
            <entry key="EJB Validator" value="false" />
            <entry key="Faces Validator" value="false" />
            <entry key="FreeMarker" value="true" />
            <entry key="Hibernate Validator" value="true" />
            <entry key="JPA Validator" value="true" />
            <entry key="Jasper Validator" value="true" />
            <entry key="Spring Model Validator" value="true" />
            <entry key="Spring Web Flow" value="true" />
            <entry key="Struts 2 Model Validator" value="true" />
            <entry key="Struts 2 Validation Model Validator" value="true" />
            <entry key="Struts Model validator" value="true" />
            <entry key="Struts Validation Model validator" value="true" />
            <entry key="Tiles Model validator" value="true" />
            <entry key="Web Xml Validator" value="true" />
          </map>
        </option>
      </component>
      <component name="VcsManagerConfiguration">
        <option name="CHECK_CODE_CLEANUP_BEFORE_PROJECT_COMMIT" value="true" />
      </component>
      <component name="masterDetails">
        <states>
          <state key="ArquillianSettingsConfigurable.UI">
            <settings>
              <splitter-proportions>
                <option name="proportions">
                  <list>
                    <option value="0.08896797" />
                  </list>
                </option>
              </splitter-proportions>
            </settings>
          </state>
          <state key="Copyright.UI">
            <settings>
              <splitter-proportions>
                <option name="proportions">
                  <list>
                    <option value="0.20177777" />
                  </list>
                </option>
              </splitter-proportions>
            </settings>
          </state>
          <state key="GlobalLibrariesConfigurable.UI">
            <settings>
              <splitter-proportions>
                <option name="proportions">
                  <list>
                    <option value="0.2" />
                  </list>
                </option>
              </splitter-proportions>
            </settings>
          </state>
          <state key="JdkListConfigurable.UI">
            <settings>
              <last-edited>1.8</last-edited>
              <splitter-proportions>
                <option name="proportions">
                  <list>
                    <option value="0.2" />
                  </list>
                </option>
              </splitter-proportions>
            </settings>
          </state>
          <state key="ProjectJDKs.UI">
            <settings>
              <last-edited>1.5</last-edited>
              <splitter-proportions>
                <option name="proportions">
                  <list>
                    <option value="0.2" />
                  </list>
                </option>
              </splitter-proportions>
            </settings>
          </state>
          <state key="ProjectLibrariesConfigurable.UI">
            <settings>
              <splitter-proportions>
                <option name="proportions">
                  <list>
                    <option value="0.2" />
                  </list>
                </option>
              </splitter-proportions>
            </settings>
          </state>
          <state key="ScopeChooserConfigurable.UI">
            <settings>
              <last-edited>LS</last-edited>
              <splitter-proportions>
                <option name="proportions">
                  <list>
                    <option value="0.19088016" />
                  </list>
                </option>
              </splitter-proportions>
              <order>
                <scope name="LS" />
              </order>
            </settings>
          </state>
        </states>
      </component>
    </defaultProject>
  </component>
</application>