<application>
  <component name="UISettings">
    <option name="CONSOLE_COMMAND_HISTORY_LIMIT" value="1000" />
    <option name="CONSOLE_CYCLE_BUFFER_SIZE_KB" value="5120" />
    <option name="FONT_FACE" value="Verdana" />
    <option name="FONT_SCALE" value="1.0" />
    <option name="FONT_SIZE" value="14" />
    <option name="MARK_MODIFIED_TABS_WITH_ASTERISK" value="true" />
    <option name="MAX_LOOKUP_WIDTH2" value="590" />
    <option name="OVERRIDE_CONSOLE_CYCLE_BUFFER_SIZE" value="true" />
    <option name="OVERRIDE_NONIDEA_LAF_FONTS" value="true" />
    <option name="PIN_FIND_IN_PATH_POPUP" value="true" />
    <option name="PRESENTATION_MODE_FONT_SIZE" value="20" />
    <option name="SHOW_MAIN_TOOLBAR" value="true" />
    <option name="smoothScrolling" value="true" />
    <option name="SORT_LOOKUP_ELEMENTS_LEXICOGRAPHICALLY" value="true" />
  </component>
</application>